name,unscaled_sensor,scale,offset,unit
T0cal,T0,1.030894692,0.265530451,C
T1cal,T1,1.010179388,-0.212470305,C
T2cal,T2,1.010905386,-0.246514276,C
T3cal,T3,1.009905468,-0.244183916,C
T4cal,T4,1.011598185,-0.376813606,C
T5cal,T5,1.009424298,0.026467952,C
Tw1cal,Tw1,1.008525582,-0.127630954,C
Tw2cal,Tw2,1.0080088,-0.301044484,C
Tw3cal,Tw3,1.010384692,-0.150357363,C
Pcal,P,300.447667,-0.084125347,psi
